{"cameraMode":{"drawMode":0,"name":"Shaded","section":"Shading Mode"},"sceneLighting":true,"audioPlay":false,"sceneViewState":{"showFog":true,"showMaterialUpdate":false,"showSkybox":true,"showFlares":true,"showImageEffects":true,"showParticleSystems":true,"showVisualEffectGraphs":true,"m_FxEnabled":true},"in2DMode":false,"pivot":{"x":14.790019989013672,"y":-138.68850708007813,"z":162.67276000976563},"rotation":{"x":0.43100932240486147,"y":-0.032016076147556308,"z":0.01531909592449665,"w":0.9016808271408081},"size":156.0220947265625,"orthographic":false}